year,msp_rs_per_quintal
2000-01,580
2001-02,610
2002-03,620
2003-04,630
2004-05,640
2005-06,650
2006-07,650
2007-08,750
2008-09,1000
2009-10,1080
2010-11,1100
2011-12,1120
2012-13,1285
2013-14,1350
2014-15,1400
2015-16,1450
2016-17,1525
2017-18,1625
2018-19,1735
2019-20,1840
2020-21,1925
2021-22,1975
2022-23,2015
2023-24,2125
2024-25,2275
